
{
    "region" : "ca-central-1",
    "configuration" : "Debug",
    "framework"     : "net6.0",
    "self-contained" : false,
    "application"    : "group8my",
    "environment"    : "group8my-dev",
    "app-path"       : "/",
    "iis-website"    : "Default Web Site",
    "enable-xray"    : false,
    "enhanced-health-type" : "basic",
    "additional-options"   : "\"aws:autoscaling:launchconfiguration,SecurityGroups\"=\"sg-0e0c5659e23e43525\";\"aws:ec2:vpc,Subnets\"=\"subnet-062c0a9771af51c4f\";\"aws:ec2:vpc,ELBSubnets\"=\"subnet-062c0a9771af51c4f\";\"aws:ec2:vpc,ELBScheme\"=\"public\"",
    "solution-stack"       : "64bit Windows Server 2019 v2.12.0 running IIS 10.0",
    "environment-type"     : "LoadBalanced",
    "loadbalancer-type"    : "application",
    "cname"                : "group8my-dev",
    "instance-type"        : "t2.micro",
    "key-pair"             : "key",
    "health-check-url"     : "/",
    "instance-profile"     : "aws-elasticbeanstalk-ec2-role",
    "service-role"         : "aws-elasticbeanstalk-service-role"
}